0,tcp,http,SF,181,5450,0,0,0,0,0,1,0,0,0,0,0,0,0,0,0,0,8,8,0,0,0,0,1,0,0,9,9,1,0,0.11,0,0,0,0,0,normal.,,normal.
0,tcp,http,SF,370,520,0,0,0,0,0,1,0,0,0,0,0,0,0,0,0,0,3,3,0,0,0,0,1,0,0,82,255,1,0,0.01,0.04,0,0,0,0,normal.,,normal.
0,tcp,http,SF,309,1030,0,0,0,0,0,1,0,0,0,0,0,0,0,0,0,0,18,18,0,0,0,0,1,0,0,18,255,1,0,0.06,0.05,0,0,0,0,normal.,,normal.
0,tcp,http,SF,227,1247,0,0,0,0,0,1,0,0,0,0,0,0,0,0,0,0,19,20,0,0,0,0,1,0,0.1,21,255,1,0,0.05,0.04,0,0,0,0,normal.,,normal.
0,tcp,http,SF,331,8415,0,0,0,0,0,1,0,0,0,0,0,0,0,0,0,0,2,2,0,0,0,0,1,0,0,26,255,1,0,0.04,0.02,0,0,0,0,normal.,,normal.
0,tcp,http,SF,233,1645,0,0,0,0,0,1,0,0,0,0,0,0,0,0,0,0,7,7,0,0,0,0,1,0,0,44,255,1,0,0.02,0.04,0,0.01,0,0,normal.,,normal.
0,tcp,http,SF,236,1680,0,0,0,0,0,1,0,0,0,0,0,0,0,0,0,0,3,3,0,0,0,0,1,0,0,184,255,1,0,0.01,0.02,0,0,0,0,normal.,,normal.
0,tcp,smtp,SF,1666,328,0,0,0,0,0,1,0,0,0,0,0,0,0,0,0,0,1,1,0,0,0,0,1,0,0,18,12,0.67,0.17,0.06,0,0,0,0,0,normal.,,normal.
0,tcp,http,SF,344,3796,0,0,0,0,0,1,0,0,0,0,0,0,0,0,0,0,16,16,0,0,0,0,1,0,0,122,255,1,0,0.01,0.02,0,0,0,0,normal.,,normal.
0,tcp,http,SF,281,757,0,0,0,0,0,1,0,0,0,0,0,0,0,0,0,0,2,9,0,0,0,0,1,0,0.22,11,255,1,0,0.09,0.05,0,0,0,0,normal.,,normal.
0,tcp,http,SF,296,2325,0,0,0,0,0,1,0,0,0,0,0,0,0,0,0,0,9,10,0,0,0,0,1,0,0.2,255,255,1,0,0,0,0,0,0,0,normal.,,normal.
0,tcp,http,SF,245,1194,0,0,0,0,0,1,0,0,0,0,0,0,0,0,0,0,21,21,0,0,0,0,1,0,0,50,255,1,0,0.02,0.05,0,0,0,0,normal.,,normal.
0,tcp,http,SF,223,13364,0,0,0,0,0,1,0,0,0,0,0,0,0,0,0,0,1,1,0,0,0,0,1,0,0,25,255,1,0,0.04,0.01,0,0,0,0,normal.,,normal.
0,tcp,http,SF,199,654,0,0,0,0,0,1,0,0,0,0,0,0,0,0,0,0,17,18,0,0,0,0,1,0,0.11,255,255,1,0,0,0,0,0,0,0,normal.,,normal.
0,tcp,http,SF,213,2996,0,0,0,0,0,1,0,0,0,0,0,0,0,0,0,0,23,40,0,0,0,0,1,0,0.1,255,255,1,0,0,0,0,0,0,0,normal.,,normal.
0,tcp,http,SF,212,984,0,0,0,0,0,1,0,0,0,0,0,0,0,0,0,0,41,42,0,0,0,0,1,0,0.05,255,255,1,0,0,0,0,0,0,0,normal.,,normal.
0,tcp,http,SF,201,2658,0,0,0,0,0,1,0,0,0,0,0,0,0,0,0,0,38,38,0,0,0,0,1,0,0,255,255,1,0,0,0,0,0,0,0,normal.,,normal.
0,udp,domain_u,SF,89,0,0,0,0,0,0,0,0,0,0,0,0,0,0,0,0,0,1,2,0,0,0,0,1,0,1,16,16,1,0,1,0,0,0,0,0,normal.,,normal.
0,tcp,smtp,SF,2351,368,0,0,0,0,0,1,0,0,0,0,0,0,0,0,0,0,1,1,0,0,0,0,1,0,0,43,177,0.95,0.05,0.02,0.03,0,0,0,0,normal.,,normal.
0,tcp,http,SF,214,663,0,0,0,0,0,1,0,0,0,0,0,0,0,0,0,0,11,12,0,0,0,0,1,0,0.17,104,255,1,0,0.01,0.03,0,0,0,0,normal.,,normal.
0,tcp,http,SF,317,10111,0,0,0,0,0,1,0,0,0,0,0,0,0,0,0,0,1,1,0,0,0,0,1,0,0,1,255,1,0,1,0.03,0,0,0,0,normal.,,normal.
0,tcp,http,SF,228,2614,0,0,0,0,0,1,0,0,0,0,0,0,0,0,0,0,13,13,0,0,0,0,1,0,0,13,255,1,0,0.08,0.05,0,0,0,0,normal.,,normal.
0,tcp,http,SF,235,1850,0,0,0,0,0,1,0,0,0,0,0,0,0,0,0,0,13,13,0,0,0,0,1,0,0,41,255,1,0,0.02,0.04,0,0,0,0,normal.,,normal.
0,tcp,http,SF,231,27576,0,0,0,0,0,1,0,0,0,0,0,0,0,0,0,0,7,7,0,0,0,0,1,0,0,255,255,1,0,0,0,0,0,0,0,normal.,,normal.
0,tcp,http,SF,228,28541,0,0,0,0,0,1,0,0,0,0,0,0,0,0,0,0,5,18,0,0,0,0,1,0,0.22,104,255,1,0,0.01,0.02,0.01,0,0,0,normal.,,normal.
0,tcp,http,SF,325,750,0,0,0,0,0,1,0,0,0,0,0,0,0,0,0,0,6,6,0,0,0,0,1,0,0,8,255,1,0,0.12,0.04,0,0,0,0,normal.,,normal.
0,tcp,http,SF,200,267,0,0,0,0,0,1,0,0,0,0,0,0,0,0,0,0,1,1,0,0,0,0,1,0,0,255,255,1,0,0,0,0,0,0,0,normal.,,normal.
0,tcp,http,SF,325,807,0,0,0,0,0,1,0,0,0,0,0,0,0,0,0,0,13,13,0,0,0,0,1,0,0,72,255,1,0,0.01,0.04,0,0,0,0,normal.,,normal.
0,tcp,http,SF,210,633,0,0,0,0,0,1,0,0,0,0,0,0,0,0,0,0,1,1,0,0,0,0,1,0,0,13,255,1,0,0.08,0.04,0,0,0,0,normal.,,normal.
0,tcp,http,SF,225,342,0,0,0,0,0,1,0,0,0,0,0,0,0,0,0,0,16,16,0,0,0,0,1,0,0,117,255,1,0,0.01,0.03,0.01,0,0,0,normal.,,normal.
0,tcp,http,SF,149,458,0,0,0,0,0,1,0,0,0,0,0,0,0,0,0,0,1,1,0,0,0,0,1,0,0,237,255,1,0,0,0.02,0,0,0,0,normal.,,normal.
0,tcp,http,SF,319,3327,0,0,0,0,0,1,0,0,0,0,0,0,0,0,0,0,1,1,0,0,0,0,1,0,0,12,255,1,0,0.08,0.03,0,0,0,0,normal.,,normal.
0,tcp,http,SF,350,3467,0,0,0,0,0,1,0,0,0,0,0,0,0,0,0,0,1,9,0,0,0,0,1,0,0.33,135,255,1,0,0.01,0.04,0,0,0,0,normal.,,normal.
0,tcp,http,SF,296,1538,0,0,0,0,0,1,0,0,0,0,0,0,0,0,0,0,20,29,0,0,0,0,1,0,0.14,190,219,1,0,0.01,0.01,0,0,0,0,normal.,,normal.
0,tcp,http,SF,201,392,0,0,0,0,0,1,0,0,0,0,0,0,0,0,0,0,24,44,0,0,0,0,1,0,0.09,230,230,1,0,0,0,0,0,0,0,normal.,,normal.
0,tcp,http,SF,310,2446,0,0,0,0,0,1,0,0,0,0,0,0,0,0,0,0,18,19,0,0,0,0,1,0,0.11,255,255,1,0,0,0,0,0,0,0,normal.,,normal.
0,tcp,http,SF,287,261,0,0,0,0,0,1,0,0,0,0,0,0,0,0,0,0,7,32,0,0,0,0,1,0,0.16,193,255,1,0,0.01,0.01,0.01,0,0,0,normal.,,normal.
0,tcp,http,SF,203,239,0,0,0,0,0,1,0,0,0,0,0,0,0,0,0,0,1,1,0,0,0,0,1,0,0,26,255,1,0,0.04,0.02,0,0,0,0,normal.,,normal.
0,tcp,http,SF,229,524,0,0,0,0,0,1,0,0,0,0,0,0,0,0,0,0,8,8,0,0,0,0,1,0,0,8,255,1,0,0.12,0.04,0,0,0,0,normal.,,normal.
0,tcp,http,SF,221,1404,0,0,0,0,0,1,0,0,0,0,0,0,0,0,0,0,19,19,0,0,0,0,1,0,0,73,255,1,0,0.01,0.01,0,0,0,0,normal.,,normal.
0,tcp,http,SF,221,1404,0,0,0,0,0,1,0,0,0,0,0,0,0,0,0,0,22,22,0,0,0,0,1,0,0,103,255,1,0,0.01,0.01,0,0,0,0,normal.,,normal.
0,tcp,http,SF,320,1745,0,0,0,0,0,1,0,0,0,0,0,0,0,0,0,0,11,12,0,0,0,0,1,0,0.17,116,255,1,0,0.01,0.03,0,0,0,0,normal.,,normal.
0,tcp,http,SF,213,37236,0,0,0,0,0,1,0,0,0,0,0,0,0,0,0,0,7,7,0,0,0,0,1,0,0,49,255,1,0,0.02,0.04,0,0,0,0,normal.,,normal.
0,tcp,http,SF,210,788,0,0,0,0,0,1,0,0,0,0,0,0,0,0,0,0,22,22,0,0,0,0,1,0,0,255,255,1,0,0,0,0,0,0,0,normal.,,normal.
0,tcp,http,SF,278,16533,0,0,0,0,0,1,0,0,0,0,0,0,0,0,0,0,4,4,0,0,0,0,1,0,0,255,255,1,0,0,0,0,0,0,0,normal.,,normal.
0,tcp,http,SF,248,17905,0,0,0,0,0,1,0,0,0,0,0,0,0,0,0,0,12,12,0,0,0,0,1,0,0,54,255,1,0,0.02,0.02,0,0,0,0,normal.,,normal.
0,tcp,http,SF,286,1410,0,0,0,0,0,1,0,0,0,0,0,0,0,0,0,0,10,10,0,0,0,0,1,0,0,255,255,1,0,0,0,0,0,0,0,normal.,,normal.
0,tcp,http,SF,329,3013,0,0,0,0,0,1,0,0,0,0,0,0,0,0,0,0,5,5,0,0,0,0,1,0,0,255,255,1,0,0,0,0,0,0,0,normal.,,normal.
0,tcp,http,SF,236,18275,0,0,0,0,0,1,0,0,0,0,0,0,0,0,0,0,18,23,0,0,0,0,1,0,0.13,255,255,1,0,0,0,0,0,0,0,normal.,,normal.
0,tcp,http,SF,319,1772,0,0,0,0,0,1,0,0,0,0,0,0,0,0,0,0,8,8,0,0,0,0,1,0,0,22,255,1,0,0.05,0.02,0,0,0,0,normal.,,normal.
0,tcp,http,SF,200,1904,0,0,0,0,0,1,0,0,0,0,0,0,0,0,0,0,6,6,0,0,0,0,1,0,0,58,255,1,0,0.02,0.03,0.03,0.01,0,0,normal.,,normal.
0,tcp,http,SF,383,8257,0,0,0,0,0,1,0,0,0,0,0,0,0,0,0,0,1,3,0,0,0,0,1,0,1,255,255,1,0,0,0,0,0,0,0,normal.,,normal.
0,tcp,http,SF,329,255,0,0,0,0,0,1,0,0,0,0,0,0,0,0,0,0,27,33,0,0,0,0,1,0,0.06,255,255,1,0,0,0,0,0,0,0,normal.,,normal.
0,tcp,http,SF,355,1817,0,0,0,0,0,1,0,0,0,0,0,0,0,0,0,0,24,24,0,0,0,0,1,0,0,255,255,1,0,0,0,0,0,0,0,normal.,,normal.
0,tcp,http,SF,367,326,0,0,0,0,0,1,0,0,0,0,0,0,0,0,0,0,13,13,0,0,0,0,1,0,0,255,255,1,0,0,0,0,0,0,0,normal.,,normal.
0,tcp,http,SF,227,1247,0,0,0,0,0,1,0,0,0,0,0,0,0,0,0,0,13,13,0,0,0,0,1,0,0,255,255,1,0,0,0,0,0,0,0,normal.,,normal.
0,tcp,http,SF,299,7492,0,0,0,0,0,1,0,0,0,0,0,0,0,0,0,0,6,7,0,0,0,0,1,0,0.29,138,255,1,0,0.01,0.02,0,0,0,0,normal.,,normal.
0,tcp,http,SF,241,6943,0,0,0,0,0,1,0,0,0,0,0,0,0,0,0,0,4,4,0,0,0,0,1,0,0,255,255,1,0,0,0,0,0,0,0,normal.,,normal.
0,tcp,http,SF,287,3790,0,0,0,0,0,1,0,0,0,0,0,0,0,0,0,0,5,5,0,0,0,0,1,0,0,5,255,1,0,0.2,0.05,0,0,0,0,normal.,,normal.
0,tcp,http,SF,190,5100,0,0,0,0,0,1,0,0,0,0,0,0,0,0,0,0,12,13,0,0,0,0,1,0,0.15,178,255,1,0,0.01,0.04,0,0,0,0,normal.,,normal.
0,tcp,http,SF,318,1988,0,0,0,0,0,1,0,0,0,0,0,0,0,0,0,0,7,7,0,0,0,0,1,0,0,11,255,1,0,0.09,0.04,0,0,0,0,normal.,,normal.
0,tcp,http,SF,220,12102,0,0,0,0,0,1,0,0,0,0,0,0,0,0,0,0,8,8,0,0,0,0,1,0,0,40,255,1,0,0.03,0.06,0,0,0,0,normal.,,normal.
0,tcp,http,SF,282,11848,0,0,0,0,0,1,0,0,0,0,0,0,0,0,0,0,4,29,0,0,0,0,1,0,0.07,26,255,1,0,0.04,0.05,0,0,0,0,normal.,,normal.
0,tcp,http,SF,222,392,0,0,0,0,0,1,0,0,0,0,0,0,0,0,0,0,15,19,0,0,0,0,1,0,0.21,15,255,1,0,0.07,0.07,0,0,0,0,normal.,,normal.
0,tcp,http,SF,271,16123,0,0,0,0,0,1,0,0,0,0,0,0,0,0,0,0,5,5,0,0,0,0,1,0,0,39,255,1,0,0.03,0.04,0,0,0,0,normal.,,normal.
0,tcp,http,SF,317,8320,0,0,0,0,0,1,0,0,0,0,0,0,0,0,0,0,6,6,0,0,0,0,1,0,0,6,255,1,0,0.17,0.04,0,0,0,0,normal.,,normal.
0,tcp,http,SF,255,1645,0,0,0,0,0,1,0,0,0,0,0,0,0,0,0,0,5,5,0,0,0,0,1,0,0,159,255,1,0,0.01,0.03,0,0,0,0,normal.,,normal.
0,tcp,http,SF,162,3253,0,0,0,0,0,1,0,0,0,0,0,0,0,0,0,0,1,6,0,0,0,0,1,0,0.33,189,255,1,0,0.01,0.02,0,0,0,0,normal.,,normal.
0,tcp,http,SF,221,3798,0,0,0,0,0,1,0,0,0,0,0,0,0,0,0,0,1,1,0,0,0,0,1,0,0,255,255,1,0,0,0,0,0,0,0,normal.,,normal.
0,tcp,http,SF,317,1721,0,0,0,0,0,1,0,0,0,0,0,0,0,0,0,0,13,13,0,0,0,0,1,0,0,255,255,1,0,0,0,0,0,0,0,normal.,,normal.
0,tcp,smtp,SF,834,329,0,0,0,0,0,1,0,0,0,0,0,0,0,0,0,0,2,1,0,0,0,0,0.5,1,0,31,106,0.71,0.1,0.03,0.02,0,0,0,0,normal.,,normal.
0,tcp,http,SF,325,2531,0,0,0,0,0,1,0,0,0,0,0,0,0,0,0,0,8,8,0,0,0,0,1,0,0,97,97,1,0,0.01,0,0,0,0,0,normal.,,normal.
0,tcp,http,SF,173,11889,0,0,0,0,0,1,0,0,0,0,0,0,0,0,0,0,9,21,0,0,0,0,1,0,0.1,247,247,1,0,0,0,0,0,0,0,normal.,,normal.
0,tcp,http,SF,315,4758,0,0,0,0,0,1,0,0,0,0,0,0,0,0,0,0,2,2,0,0,0,0,1,0,0,196,255,1,0,0.01,0.02,0.01,0,0,0,normal.,,normal.
0,tcp,http,SF,358,2811,0,0,0,0,0,1,0,0,0,0,0,0,0,0,0,0,17,27,0,0,0,0,1,0,0.07,41,255,1,0,0.02,0.03,0,0,0,0,normal.,,normal.
0,tcp,http,SF,218,1155,0,0,0,0,0,1,0,0,0,0,0,0,0,0,0,0,2,2,0,0,0,0,1,0,0,8,255,1,0,0.12,0.02,0,0,0,0,normal.,,normal.
0,tcp,http,SF,279,751,0,0,0,0,0,1,0,0,0,0,0,0,0,0,0,0,4,8,0,0,0,0,1,0,0.25,46,255,1,0,0.02,0.05,0,0,0,0,normal.,,normal.
0,tcp,http,SF,191,934,0,0,0,0,0,1,0,0,0,0,0,0,0,0,0,0,11,15,0,0,0,0,1,0,0.13,83,255,1,0,0.01,0.02,0,0,0,0,normal.,,normal.
0,tcp,http,SF,307,891,0,0,0,0,0,1,0,0,0,0,0,0,0,0,0,0,8,12,0,0,0,0,1,0,0.17,173,255,1,0,0.01,0.02,0,0,0,0,normal.,,normal.
0,tcp,http,SF,308,316,0,0,0,0,0,1,0,0,0,0,0,0,0,0,0,0,3,4,0,0,0,0,1,0,0.5,213,255,1,0,0,0.02,0,0,0,0,normal.,,normal.
0,tcp,http,SF,202,316,0,0,0,0,0,1,0,0,0,0,0,0,0,0,0,0,7,10,0,0,0,0,1,0,0.2,255,255,1,0,0,0,0,0,0,0,normal.,,normal.
0,tcp,http,SF,216,654,0,0,0,0,0,1,0,0,0,0,0,0,0,0,0,0,21,25,0,0,0,0,1,0,0.08,255,255,1,0,0,0,0,0,0,0,normal.,,normal.
0,tcp,http,SF,191,1984,0,0,0,0,0,1,0,0,0,0,0,0,0,0,0,0,1,1,0,0,0,0,1,0,0,255,255,1,0,0,0,0,0,0,0,normal.,,normal.
1,tcp,smtp,SF,1022,328,0,0,0,0,0,1,0,0,0,0,0,0,0,0,0,0,1,2,0,0,0,0,1,0,1,16,204,1,0,0.06,0.02,0,0,0,0,normal.,,normal.
0,udp,ntp_u,SF,48,48,0,0,0,0,0,0,0,0,0,0,0,0,0,0,0,0,1,1,0,0,0,0,1,0,0,10,2,0.2,0.2,0.2,0,0,0,0,0,normal.,,normal.
0,udp,domain_u,SF,45,79,0,0,0,0,0,0,0,0,0,0,0,0,0,0,0,0,54,54,0,0,0,0,1,0,0,210,170,0.81,0.01,0,0,0,0,0,0,normal.,,normal.
0,tcp,http,SF,216,12839,0,0,0,0,0,1,0,0,0,0,0,0,0,0,0,0,2,2,0,0,0,0,1,0,0,18,255,1,0,0.06,0.05,0,0,0,0,normal.,,normal.
0,tcp,http,SF,287,280,0,0,0,0,0,1,0,0,0,0,0,0,0,0,0,0,15,15,0,0,0,0,1,0,0,255,255,1,0,0.01,0,0,0,0,0,normal.,,normal.
0,tcp,http,SF,334,667,0,0,0,0,0,1,0,0,0,0,0,0,0,0,0,0,9,49,0,0,0,0,1,0,0.04,255,255,1,0,0,0,0,0,0,0,normal.,,normal.
0,tcp,http,SF,299,12605,0,0,0,0,0,1,0,0,0,0,0,0,0,0,0,0,10,12,0,0,0,0,1,0,0.17,34,255,1,0,0.03,0.03,0.03,0,0,0,normal.,,normal.
0,tcp,http,SF,228,9156,0,0,0,0,0,1,0,0,0,0,0,0,0,0,0,0,7,7,0,0,0,0,1,0,0,106,255,1,0,0.01,0.02,0,0,0,0,normal.,,normal.
0,tcp,http,SF,184,6539,0,0,0,0,0,1,0,0,0,0,0,0,0,0,0,0,7,7,0,0,0,0,1,0,0,221,255,1,0,0,0.01,0,0,0,0,normal.,,normal.
0,tcp,http,SF,238,259,0,0,0,0,0,1,0,0,0,0,0,0,0,0,0,0,33,33,0,0,0,0,1,0,0,255,255,1,0,0,0,0,0,0,0,normal.,,normal.
0,tcp,http,SF,215,7978,0,0,0,0,0,1,0,0,0,0,0,0,0,0,0,0,25,25,0,0,0,0,1,0,0,25,255,1,0,0.04,0.04,0,0,0,0,normal.,,normal.
0,tcp,http,SF,221,4959,0,0,0,0,0,1,0,0,0,0,0,0,0,0,0,0,6,6,0,0,0,0,1,0,0,21,255,1,0,0.05,0.05,0,0,0,0,normal.,,normal.
0,tcp,http,SF,208,14251,0,0,0,0,0,1,0,0,0,0,0,0,0,0,0,0,10,10,0,0,0,0,1,0,0,10,255,1,0,0.1,0.01,0,0,0,0,normal.,,normal.
0,tcp,http,SF,226,10756,0,0,0,0,0,1,0,0,0,0,0,0,0,0,0,0,8,9,0,0,0,0,1,0,0.22,8,255,1,0,0.12,0.05,0,0,0,0,normal.,,normal.
0,tcp,http,SF,323,5665,0,0,0,0,0,1,0,0,0,0,0,0,0,0,0,0,1,19,0,0,0,0,1,0,0.21,16,255,1,0,0.06,0.04,0,0,0,0,normal.,,normal.
0,tcp,http,SF,200,455,0,0,0,0,0,1,0,0,0,0,0,0,0,0,0,0,8,17,0,0,0,0,1,0,0.18,255,255,1,0,0,0,0,0,0,0,normal.,,normal.
0,tcp,http,SF,304,9585,0,0,0,0,0,1,0,0,0,0,0,0,0,0,0,0,1,1,0,0,0,0,1,0,0,255,255,1,0,0.01,0,0,0,0,0,normal.,,normal.
0,tcp,http,SF,217,751,0,0,0,0,0,1,0,0,0,0,0,0,0,0,0,0,5,5,0,0,0,0,1,0,0,255,255,1,0,0,0,0,0,0,0,normal.,,normal.
0,tcp,http,SF,305,492,0,0,0,0,0,1,0,0,0,0,0,0,0,0,0,0,34,40,0,0,0,0,1,0,0.1,255,255,1,0,0,0,0,0,0,0,normal.,,normal.
0,tcp,http,SF,216,4304,0,0,0,0,0,1,0,0,0,0,0,0,0,0,0,0,19,19,0,0,0,0,1,0,0,255,255,1,0,0,0,0,0,0,0,normal.,,normal.
0,tcp,http,SF,308,1658,0,0,0,0,0,1,0,0,0,0,0,0,0,0,0,0,18,20,0,0,0,0,1,0,0.15,255,255,1,0,0,0,0,0,0,0,normal.,,normal.
0,tcp,http,SF,307,458,0,0,0,0,0,1,0,0,0,0,0,0,0,0,0,0,31,36,0,0,0,0,1,0,0.11,255,255,1,0,0,0,0,0,0,0,normal.,,normal.
0,tcp,http,SF,287,264,0,0,0,0,0,1,0,0,0,0,0,0,0,0,0,0,16,50,0,0,0,0,1,0,0.08,100,255,1,0,0.01,0.01,0,0,0,0,normal.,,normal.
0,tcp,http,SF,217,5750,0,0,0,0,0,1,0,0,0,0,0,0,0,0,0,0,1,1,0,0,0,0,1,0,0,2,255,1,0,0.5,0.05,0,0,0,0,normal.,,normal.
0,tcp,http,SF,254,6250,0,0,0,0,0,1,0,0,0,0,0,0,0,0,0,0,1,1,0,0,0,0,1,0,0,19,255,1,0,0.05,0.06,0,0,0,0,normal.,,normal.
0,tcp,http,SF,271,11038,0,0,0,0,0,1,0,0,0,0,0,0,0,0,0,0,1,1,0,0,0,0,1,0,0,20,255,1,0,0.05,0.06,0,0,0,0,normal.,,normal.
0,tcp,http,SF,313,5790,0,0,0,0,0,1,0,0,0,0,0,0,0,0,0,0,2,2,0,0,0,0,1,0,0,255,255,1,0,0,0,0,0,0,0,normal.,,normal.
0,tcp,http,SF,303,882,0,0,0,0,0,1,0,0,0,0,0,0,0,0,0,0,26,29,0,0,0,0,1,0,0.07,255,255,1,0,0,0,0,0,0,0,normal.,,normal.
0,tcp,http,SF,298,1708,0,0,0,0,0,1,0,0,0,0,0,0,0,0,0,0,36,45,0,0,0,0,1,0,0.04,255,255,1,0,0,0,0,0,0,0,normal.,,normal.
0,tcp,http,SF,209,1511,0,0,0,0,0,1,0,0,0,0,0,0,0,0,0,0,4,13,0,0,0,0,1,0,0.15,65,255,1,0,0.02,0.02,0,0,0,0,normal.,,normal.
0,tcp,http,SF,214,660,0,0,0,0,0,1,0,0,0,0,0,0,0,0,0,0,2,2,0,0,0,0,1,0,0,225,255,1,0,0,0.01,0,0,0,0,normal.,,normal.
0,tcp,http,SF,245,12325,0,0,0,0,0,1,0,0,0,0,0,0,0,0,0,0,8,8,0,0,0,0,1,0,0,255,255,1,0,0,0,0,0,0,0,normal.,,normal.
0,tcp,http,SF,204,253,0,0,0,0,0,1,0,0,0,0,0,0,0,0,0,0,11,11,0,0,0,0,1,0,0,255,255,1,0,0,0,0,0,0,0,normal.,,normal.
0,tcp,http,SF,298,1511,0,0,0,0,0,1,0,0,0,0,0,0,0,0,0,0,2,2,0,0,0,0,1,0,0,255,255,1,0,0,0,0,0,0,0,normal.,,normal.
0,tcp,http,SF,212,445,0,0,0,0,0,1,0,0,0,0,0,0,0,0,0,0,23,25,0,0,0,0,1,0,0.08,23,255,1,0,0.04,0.04,0,0,0,0,normal.,,normal.
0,tcp,http,SF,280,398,0,0,0,0,0,1,0,0,0,0,0,0,0,0,0,0,10,10,0,0,0,0,1,0,0,255,255,1,0,0,0,0.01,0.01,0,0,normal.,,normal.
0,tcp,http,SF,280,398,0,0,0,0,0,1,0,0,0,0,0,0,0,0,0,0,7,7,0,0,0,0,1,0,0,255,255,1,0,0,0,0,0,0,0,normal.,,normal.
0,tcp,http,SF,321,397,0,0,0,0,0,1,0,0,0,0,0,0,0,0,0,0,4,4,0,0,0,0,1,0,0,255,255,1,0,0,0,0,0,0,0,normal.,,normal.
0,tcp,http,SF,239,2265,0,0,0,0,0,1,0,0,0,0,0,0,0,0,0,0,5,5,0,0,0,0,1,0,0,5,255,1,0,0.2,0.01,0,0,0,0,normal.,,normal.
0,tcp,http,SF,155,389,0,0,0,0,0,1,0,0,0,0,0,0,0,0,0,0,4,4,0,0,0,0,1,0,0,21,255,1,0,0.05,0.05,0,0,0,0,normal.,,normal.
0,tcp,http,SF,161,584,0,0,0,0,0,1,0,0,0,0,0,0,0,0,0,0,1,1,0,0,0,0,1,0,0,61,255,1,0,0.02,0.05,0,0,0,0,normal.,,normal.
0,tcp,http,SF,202,4289,0,0,0,0,0,1,0,0,0,0,0,0,0,0,0,0,20,22,0,0,0,0,1,0,0.14,31,255,1,0,0.03,0.02,0,0,0,0,normal.,,normal.
0,tcp,http,SF,202,3334,0,0,0,0,0,1,0,0,0,0,0,0,0,0,0,0,21,21,0,0,0,0,1,0,0,101,255,1,0,0.01,0.02,0,0,0,0,normal.,,normal.
0,tcp,http,SF,302,2356,0,0,0,0,0,1,0,0,0,0,0,0,0,0,0,0,1,18,0,0,0,0,1,0,0.17,99,255,1,0,0.01,0.02,0,0,0,0,normal.,,normal.
0,tcp,http,SF,347,807,0,0,0,0,0,1,0,0,0,0,0,0,0,0,0,0,15,23,0,0,0,0,1,0,0.09,164,255,1,0,0.01,0.04,0,0,0,0,normal.,,normal.
0,tcp,http,SF,261,255,0,0,0,0,0,1,0,0,0,0,0,0,0,0,0,0,5,5,0,0,0,0,1,0,0,255,255,1,0,0,0,0,0,0,0,normal.,,normal.
0,tcp,http,SF,318,258,0,0,0,0,0,1,0,0,0,0,0,0,0,0,0,0,17,24,0,0,0,0,1,0,0.21,255,255,1,0,0,0,0,0,0,0,normal.,,normal.
0,tcp,http,SF,344,274,0,0,0,0,0,1,0,0,0,0,0,0,0,0,0,0,3,3,0,0,0,0,1,0,0,255,255,1,0,0,0,0,0,0,0,normal.,,normal.
0,tcp,http,SF,355,1817,0,0,0,0,0,1,0,0,0,0,0,0,0,0,0,0,4,5,0,0,0,0,1,0,0.4,255,255,1,0,0,0,0,0,0,0,normal.,,normal.
0,tcp,http,SF,377,272,0,0,0,0,0,1,0,0,0,0,0,0,0,0,0,0,3,3,0,0,0,0,1,0,0,255,255,1,0,0,0,0,0,0,0,normal.,,normal.
0,tcp,http,SF,245,1243,0,0,0,0,0,1,0,0,0,0,0,0,0,0,0,0,3,14,0,0,0,0,1,0,0.14,27,255,1,0,0.04,0.09,0,0,0,0,normal.,,normal.
0,tcp,http,SF,341,7303,0,0,0,0,0,1,0,0,0,0,0,0,0,0,0,0,6,8,0,0,0,0,1,0,0.38,23,255,1,0,0.04,0.1,0,0,0,0,normal.,,normal.
0,tcp,http,SF,223,431,0,0,0,0,0,1,0,0,0,0,0,0,0,0,0,0,2,2,0,0,0,0,1,0,0,226,255,1,0,0,0.01,0,0,0,0,normal.,,normal.
0,tcp,http,SF,250,819,0,0,0,0,0,1,0,0,0,0,0,0,0,0,0,0,10,14,0,0,0,0,1,0,0.29,255,255,1,0,0,0,0,0,0,0,normal.,,normal.
0,tcp,http,SF,246,2509,0,0,0,0,0,1,0,0,0,0,0,0,0,0,0,0,16,16,0,0,0,0,1,0,0,17,255,1,0,0.06,0.08,0,0,0,0,normal.,,normal.
0,tcp,http,SF,230,2315,0,0,0,0,0,1,0,0,0,0,0,0,0,0,0,0,6,7,0,0,0,0,1,0,0.29,27,255,1,0,0.04,0.07,0,0,0,0,normal.,,normal.
0,tcp,http,SF,148,2956,0,0,0,0,0,1,0,0,0,0,0,0,0,0,0,0,1,1,0,0,0,0,1,0,0,5,255,1,0,0.2,0.01,0,0,0,0,normal.,,normal.
0,tcp,http,SF,302,2369,0,0,0,0,0,1,0,0,0,0,0,0,0,0,0,0,3,3,0,0,0,0,1,0,0,31,255,1,0,0.03,0.05,0,0,0,0,normal.,,normal.
0,tcp,http,SF,232,1718,0,0,0,0,0,1,0,0,0,0,0,0,0,0,0,0,19,19,0,0,0,0,1,0,0,255,255,1,0,0,0,0,0,0,0,normal.,,normal.
1,tcp,smtp,SF,1319,329,0,0,0,0,0,1,0,0,0,0,0,0,0,0,0,0,2,1,0,0,0,0,0.5,1,0,34,27,0.79,0.09,0.03,0,0,0,0,0,normal.,,normal.
0,tcp,finger,SF,11,145,0,0,0,0,0,0,0,0,0,0,0,0,0,0,0,0,1,1,0,0,0,0,1,0,0,86,20,0.07,0.05,0.01,0.1,0,0,0,0,normal.,,normal.
0,tcp,finger,SF,8,137,0,0,0,0,0,0,0,0,0,0,0,0,0,0,0,0,1,1,0,0,0,0,1,0,0,116,19,0.08,0.03,0.01,0.11,0,0,0,0,normal.,,normal.
0,tcp,http,SF,317,16978,0,0,0,0,0,1,0,0,0,0,0,0,0,0,0,0,9,9,0,0,0,0,1,0,0,24,255,1,0,0.04,0.01,0,0,0,0,normal.,,normal.
0,tcp,http,SF,221,246,0,0,0,0,0,1,0,0,0,0,0,0,0,0,0,0,27,29,0,0,0,0,1,0,0.07,87,255,1,0,0.01,0.02,0,0,0,0,normal.,,normal.
0,tcp,http,SF,194,7970,0,0,0,0,0,1,0,0,0,0,0,0,0,0,0,0,1,1,0,0,0,0,1,0,0,12,255,1,0,0.08,0.02,0,0,0,0,normal.,,normal.
0,tcp,http,SF,214,2325,0,0,0,0,0,1,0,0,0,0,0,0,0,0,0,0,5,5,0,0,0,0,1,0,0,91,255,1,0,0.01,0.02,0,0,0,0,normal.,,normal.
0,tcp,http,SF,199,283,0,0,0,0,0,1,0,0,0,0,0,0,0,0,0,0,4,4,0,0,0,0,1,0,0,90,255,1,0,0.01,0.04,0,0,0,0,normal.,,normal.
0,tcp,http,SF,280,3636,0,0,0,0,0,1,0,0,0,0,0,0,0,0,0,0,1,3,0,0,0,0,1,0,0.67,1,255,1,0,1,0.07,0,0,0,0,normal.,,normal.
0,tcp,http,SF,236,351,0,0,0,0,0,1,0,0,0,0,0,0,0,0,0,0,6,10,0,0,0,0,1,0,0.4,255,255,1,0,0,0,0,0,0,0,normal.,,normal.
0,tcp,http,SF,241,15298,0,0,0,0,0,1,0,0,0,0,0,0,0,0,0,0,11,11,0,0,0,0,1,0,0,255,255,1,0,0,0,0,0,0,0,normal.,,normal.
0,tcp,http,SF,246,379,0,0,0,0,0,1,0,0,0,0,0,0,0,0,0,0,10,10,0,0,0,0,1,0,0,255,255,1,0,0,0,0,0,0,0,normal.,,normal.
0,tcp,http,SF,315,12161,0,0,0,0,0,1,0,0,0,0,0,0,0,0,0,0,31,31,0,0,0,0,1,0,0,255,255,1,0,0,0,0,0,0,0,normal.,,normal.
0,tcp,smtp,SF,2040,329,0,0,0,0,0,1,0,0,0,0,0,0,0,0,0,0,1,1,0,0,0,0,1,0,0,175,162,0.93,0.01,0.01,0,0,0,0,0,normal.,,normal.
0,tcp,smtp,SF,1194,326,0,0,0,0,0,1,0,0,0,0,0,0,0,0,0,0,1,3,0,0,0,0,1,0,1,185,171,0.92,0.01,0.01,0,0,0,0,0,normal.,,normal.
3,tcp,smtp,SF,1063,374,0,0,0,0,0,1,0,0,0,0,0,0,0,0,0,0,1,2,0,0,0,0,1,0,1,137,242,0.96,0.01,0.01,0.01,0,0,0,0,normal.,,normal.
0,tcp,smtp,SF,976,402,0,0,0,0,0,1,0,0,0,0,0,0,0,0,0,0,1,4,0,0,0,0,1,0,1,155,220,0.79,0.03,0.01,0.01,0.12,0,0,0,normal.,,normal.
4,tcp,smtp,SF,3187,331,0,0,0,0,0,1,0,0,0,0,0,0,0,0,0,0,1,3,0,0,0,0,1,0,1,85,231,0.98,0.02,0.01,0.01,0,0,0,0,normal.,,normal.
27,tcp,ftp,SF,898,2586,0,0,0,17,0,1,0,0,0,0,0,0,0,0,0,1,1,1,0,0,0,0,1,0,0,215,35,0.16,0.01,0,0,0,0,0,0,normal.,,normal.
0,tcp,smtp,SF,628,338,0,0,0,0,0,1,0,0,0,0,0,0,0,0,0,0,1,1,0,0,0,0,1,0,0,6,229,1,0,0.17,0.01,0,0,0,0,normal.,,normal.
3,tcp,smtp,SF,1049,331,0,0,0,0,0,1,0,0,0,0,0,0,0,0,0,0,1,1,0,0,0,0,1,0,0,137,246,0.96,0.01,0.01,0.01,0,0,0,0,normal.,,normal.
0,icmp,ecr_i,SF,1032,0,0,0,0,0,0,0,0,0,0,0,0,0,0,0,0,0,511,511,0,0,0,0,1,0,0,255,255,1,0,1,0,0,0,0,0,DOS.,,smurf.
0,icmp,ecr_i,SF,1032,0,0,0,0,0,0,0,0,0,0,0,0,0,0,0,0,0,511,511,0,0,0,0,1,0,0,255,255,1,0,1,0,0,0,0,0,DOS.,,smurf.
0,icmp,ecr_i,SF,1032,0,0,0,0,0,0,0,0,0,0,0,0,0,0,0,0,0,511,511,0,0,0,0,1,0,0,255,255,1,0,1,0,0,0,0,0,DOS.,,smurf.
0,icmp,ecr_i,SF,1032,0,0,0,0,0,0,0,0,0,0,0,0,0,0,0,0,0,511,511,0,0,0,0,1,0,0,255,255,1,0,1,0,0,0,0,0,DOS.,,smurf.
0,icmp,ecr_i,SF,1032,0,0,0,0,0,0,0,0,0,0,0,0,0,0,0,0,0,511,511,0,0,0,0,1,0,0,255,255,1,0,1,0,0,0,0,0,DOS.,,smurf.
0,icmp,ecr_i,SF,1032,0,0,0,0,0,0,0,0,0,0,0,0,0,0,0,0,0,511,511,0,0,0,0,1,0,0,255,255,1,0,1,0,0,0,0,0,DOS.,,smurf.
0,icmp,ecr_i,SF,1032,0,0,0,0,0,0,0,0,0,0,0,0,0,0,0,0,0,511,511,0,0,0,0,1,0,0,255,255,1,0,1,0,0,0,0,0,DOS.,,smurf.
0,icmp,ecr_i,SF,1032,0,0,0,0,0,0,0,0,0,0,0,0,0,0,0,0,0,510,510,0,0,0,0,1,0,0,255,255,1,0,1,0,0,0,0,0,DOS.,,smurf.
0,icmp,ecr_i,SF,1032,0,0,0,0,0,0,0,0,0,0,0,0,0,0,0,0,0,511,511,0,0,0,0,1,0,0,255,255,1,0,1,0,0,0,0,0,DOS.,,smurf.
0,icmp,ecr_i,SF,1032,0,0,0,0,0,0,0,0,0,0,0,0,0,0,0,0,0,510,510,0,0,0,0,1,0,0,255,255,1,0,1,0,0,0,0,0,DOS.,,smurf.
0,icmp,ecr_i,SF,1032,0,0,0,0,0,0,0,0,0,0,0,0,0,0,0,0,0,511,511,0,0,0,0,1,0,0,255,255,1,0,1,0,0,0,0,0,DOS.,,smurf.
0,icmp,ecr_i,SF,1032,0,0,0,0,0,0,0,0,0,0,0,0,0,0,0,0,0,511,511,0,0,0,0,1,0,0,255,255,1,0,1,0,0,0,0,0,DOS.,,smurf.
0,icmp,ecr_i,SF,1032,0,0,0,0,0,0,0,0,0,0,0,0,0,0,0,0,0,511,511,0,0,0,0,1,0,0,255,255,1,0,1,0,0,0,0,0,DOS.,,smurf.
0,icmp,ecr_i,SF,1032,0,0,0,0,0,0,0,0,0,0,0,0,0,0,0,0,0,511,511,0,0,0,0,1,0,0,255,255,1,0,1,0,0,0,0,0,DOS.,,smurf.
0,icmp,ecr_i,SF,1032,0,0,0,0,0,0,0,0,0,0,0,0,0,0,0,0,0,511,511,0,0,0,0,1,0,0,255,255,1,0,1,0,0,0,0,0,DOS.,,smurf.
0,icmp,ecr_i,SF,1032,0,0,0,0,0,0,0,0,0,0,0,0,0,0,0,0,0,511,511,0,0,0,0,1,0,0,255,255,1,0,1,0,0,0,0,0,DOS.,,smurf.
0,icmp,ecr_i,SF,1032,0,0,0,0,0,0,0,0,0,0,0,0,0,0,0,0,0,511,511,0,0,0,0,1,0,0,255,255,1,0,1,0,0,0,0,0,DOS.,,smurf.
0,icmp,ecr_i,SF,1032,0,0,0,0,0,0,0,0,0,0,0,0,0,0,0,0,0,511,511,0,0,0,0,1,0,0,255,255,1,0,1,0,0,0,0,0,DOS.,,smurf.
0,icmp,ecr_i,SF,1032,0,0,0,0,0,0,0,0,0,0,0,0,0,0,0,0,0,510,510,0,0,0,0,1,0,0,255,255,1,0,1,0,0,0,0,0,DOS.,,smurf.
0,icmp,ecr_i,SF,1032,0,0,0,0,0,0,0,0,0,0,0,0,0,0,0,0,0,511,511,0,0,0,0,1,0,0,255,255,1,0,1,0,0,0,0,0,DOS.,,smurf.
0,icmp,ecr_i,SF,1032,0,0,0,0,0,0,0,0,0,0,0,0,0,0,0,0,0,511,511,0,0,0,0,1,0,0,255,255,1,0,1,0,0,0,0,0,DOS.,,smurf.
0,icmp,ecr_i,SF,1032,0,0,0,0,0,0,0,0,0,0,0,0,0,0,0,0,0,511,511,0,0,0,0,1,0,0,255,255,1,0,1,0,0,0,0,0,DOS.,,smurf.
0,icmp,ecr_i,SF,1032,0,0,0,0,0,0,0,0,0,0,0,0,0,0,0,0,0,511,511,0,0,0,0,1,0,0,255,255,1,0,1,0,0,0,0,0,DOS.,,smurf.
0,icmp,ecr_i,SF,1032,0,0,0,0,0,0,0,0,0,0,0,0,0,0,0,0,0,511,511,0,0,0,0,1,0,0,255,255,1,0,1,0,0,0,0,0,DOS.,,smurf.
0,icmp,ecr_i,SF,1032,0,0,0,0,0,0,0,0,0,0,0,0,0,0,0,0,0,511,511,0,0,0,0,1,0,0,255,255,1,0,1,0,0,0,0,0,DOS.,,smurf.
0,icmp,ecr_i,SF,1032,0,0,0,0,0,0,0,0,0,0,0,0,0,0,0,0,0,511,511,0,0,0,0,1,0,0,255,255,1,0,1,0,0,0,0,0,DOS.,,smurf.
0,icmp,ecr_i,SF,1032,0,0,0,0,0,0,0,0,0,0,0,0,0,0,0,0,0,511,511,0,0,0,0,1,0,0,255,255,1,0,1,0,0,0,0,0,DOS.,,smurf.
0,icmp,ecr_i,SF,1032,0,0,0,0,0,0,0,0,0,0,0,0,0,0,0,0,0,511,511,0,0,0,0,1,0,0,255,255,1,0,1,0,0,0,0,0,DOS.,,smurf.
0,icmp,ecr_i,SF,1032,0,0,0,0,0,0,0,0,0,0,0,0,0,0,0,0,0,511,511,0,0,0,0,1,0,0,255,255,1,0,1,0,0,0,0,0,DOS.,,smurf.
0,icmp,ecr_i,SF,1032,0,0,0,0,0,0,0,0,0,0,0,0,0,0,0,0,0,511,511,0,0,0,0,1,0,0,255,255,1,0,1,0,0,0,0,0,DOS.,,smurf.
0,icmp,ecr_i,SF,1032,0,0,0,0,0,0,0,0,0,0,0,0,0,0,0,0,0,511,511,0,0,0,0,1,0,0,255,255,1,0,1,0,0,0,0,0,DOS.,,smurf.
0,icmp,ecr_i,SF,1032,0,0,0,0,0,0,0,0,0,0,0,0,0,0,0,0,0,511,511,0,0,0,0,1,0,0,255,255,1,0,1,0,0,0,0,0,DOS.,,smurf.
0,icmp,ecr_i,SF,1032,0,0,0,0,0,0,0,0,0,0,0,0,0,0,0,0,0,511,511,0,0,0,0,1,0,0,255,255,1,0,1,0,0,0,0,0,DOS.,,smurf.
0,icmp,ecr_i,SF,1032,0,0,0,0,0,0,0,0,0,0,0,0,0,0,0,0,0,511,511,0,0,0,0,1,0,0,255,255,1,0,1,0,0,0,0,0,DOS.,,smurf.
0,icmp,ecr_i,SF,1032,0,0,0,0,0,0,0,0,0,0,0,0,0,0,0,0,0,511,511,0,0,0,0,1,0,0,255,255,1,0,1,0,0,0,0,0,DOS.,,smurf.
0,icmp,ecr_i,SF,1032,0,0,0,0,0,0,0,0,0,0,0,0,0,0,0,0,0,511,511,0,0,0,0,1,0,0,255,255,1,0,1,0,0,0,0,0,DOS.,,smurf.
0,icmp,ecr_i,SF,1032,0,0,0,0,0,0,0,0,0,0,0,0,0,0,0,0,0,511,511,0,0,0,0,1,0,0,255,255,1,0,1,0,0,0,0,0,DOS.,,smurf.
0,icmp,ecr_i,SF,1032,0,0,0,0,0,0,0,0,0,0,0,0,0,0,0,0,0,511,511,0,0,0,0,1,0,0,255,255,1,0,1,0,0,0,0,0,DOS.,,smurf.
0,icmp,ecr_i,SF,1032,0,0,0,0,0,0,0,0,0,0,0,0,0,0,0,0,0,511,511,0,0,0,0,1,0,0,255,255,1,0,1,0,0,0,0,0,DOS.,,smurf.
0,icmp,ecr_i,SF,1032,0,0,0,0,0,0,0,0,0,0,0,0,0,0,0,0,0,511,511,0,0,0,0,1,0,0,255,255,1,0,1,0,0,0,0,0,DOS.,,smurf.
0,icmp,ecr_i,SF,1032,0,0,0,0,0,0,0,0,0,0,0,0,0,0,0,0,0,511,511,0,0,0,0,1,0,0,255,255,1,0,1,0,0,0,0,0,DOS.,,smurf.
0,icmp,ecr_i,SF,1032,0,0,0,0,0,0,0,0,0,0,0,0,0,0,0,0,0,511,511,0,0,0,0,1,0,0,255,255,1,0,1,0,0,0,0,0,DOS.,,smurf.
0,icmp,ecr_i,SF,1032,0,0,0,0,0,0,0,0,0,0,0,0,0,0,0,0,0,511,511,0,0,0,0,1,0,0,255,255,1,0,1,0,0,0,0,0,DOS.,,smurf.
0,icmp,ecr_i,SF,1032,0,0,0,0,0,0,0,0,0,0,0,0,0,0,0,0,0,511,511,0,0,0,0,1,0,0,255,255,1,0,1,0,0,0,0,0,DOS.,,smurf.
0,icmp,ecr_i,SF,1032,0,0,0,0,0,0,0,0,0,0,0,0,0,0,0,0,0,511,511,0,0,0,0,1,0,0,255,255,1,0,1,0,0,0,0,0,DOS.,,smurf.
0,icmp,ecr_i,SF,1032,0,0,0,0,0,0,0,0,0,0,0,0,0,0,0,0,0,511,511,0,0,0,0,1,0,0,255,255,1,0,1,0,0,0,0,0,DOS.,,smurf.
0,icmp,ecr_i,SF,1032,0,0,0,0,0,0,0,0,0,0,0,0,0,0,0,0,0,511,511,0,0,0,0,1,0,0,255,255,1,0,1,0,0,0,0,0,DOS.,,smurf.
0,icmp,ecr_i,SF,1032,0,0,0,0,0,0,0,0,0,0,0,0,0,0,0,0,0,511,511,0,0,0,0,1,0,0,255,255,1,0,1,0,0,0,0,0,DOS.,,smurf.
0,icmp,ecr_i,SF,1032,0,0,0,0,0,0,0,0,0,0,0,0,0,0,0,0,0,511,511,0,0,0,0,1,0,0,255,255,1,0,1,0,0,0,0,0,DOS.,,smurf.
0,icmp,ecr_i,SF,1032,0,0,0,0,0,0,0,0,0,0,0,0,0,0,0,0,0,511,511,0,0,0,0,1,0,0,255,255,1,0,1,0,0,0,0,0,DOS.,,smurf.
0,icmp,ecr_i,SF,1032,0,0,0,0,0,0,0,0,0,0,0,0,0,0,0,0,0,511,511,0,0,0,0,1,0,0,255,255,1,0,1,0,0,0,0,0,DOS.,,smurf.
0,icmp,ecr_i,SF,1032,0,0,0,0,0,0,0,0,0,0,0,0,0,0,0,0,0,511,511,0,0,0,0,1,0,0,255,255,1,0,1,0,0,0,0,0,DOS.,,smurf.
0,icmp,ecr_i,SF,1032,0,0,0,0,0,0,0,0,0,0,0,0,0,0,0,0,0,511,511,0,0,0,0,1,0,0,255,255,1,0,1,0,0,0,0,0,DOS.,,smurf.
0,icmp,ecr_i,SF,1032,0,0,0,0,0,0,0,0,0,0,0,0,0,0,0,0,0,511,511,0,0,0,0,1,0,0,255,255,1,0,1,0,0,0,0,0,DOS.,,smurf.
0,icmp,ecr_i,SF,1032,0,0,0,0,0,0,0,0,0,0,0,0,0,0,0,0,0,511,511,0,0,0,0,1,0,0,255,255,1,0,1,0,0,0,0,0,DOS.,,smurf.
0,icmp,ecr_i,SF,1032,0,0,0,0,0,0,0,0,0,0,0,0,0,0,0,0,0,511,511,0,0,0,0,1,0,0,255,255,1,0,1,0,0,0,0,0,DOS.,,smurf.
0,icmp,ecr_i,SF,1032,0,0,0,0,0,0,0,0,0,0,0,0,0,0,0,0,0,511,511,0,0,0,0,1,0,0,255,255,1,0,1,0,0,0,0,0,DOS.,,smurf.
0,icmp,ecr_i,SF,1032,0,0,0,0,0,0,0,0,0,0,0,0,0,0,0,0,0,511,511,0,0,0,0,1,0,0,255,255,1,0,1,0,0,0,0,0,DOS.,,smurf.
0,icmp,ecr_i,SF,1032,0,0,0,0,0,0,0,0,0,0,0,0,0,0,0,0,0,511,511,0,0,0,0,1,0,0,255,255,1,0,1,0,0,0,0,0,DOS.,,smurf.
0,icmp,ecr_i,SF,1032,0,0,0,0,0,0,0,0,0,0,0,0,0,0,0,0,0,511,511,0,0,0,0,1,0,0,255,255,1,0,1,0,0,0,0,0,DOS.,,smurf.
0,icmp,ecr_i,SF,1032,0,0,0,0,0,0,0,0,0,0,0,0,0,0,0,0,0,511,511,0,0,0,0,1,0,0,255,255,1,0,1,0,0,0,0,0,DOS.,,smurf.
0,icmp,ecr_i,SF,1032,0,0,0,0,0,0,0,0,0,0,0,0,0,0,0,0,0,511,511,0,0,0,0,1,0,0,255,255,1,0,1,0,0,0,0,0,DOS.,,smurf.
0,icmp,ecr_i,SF,1032,0,0,0,0,0,0,0,0,0,0,0,0,0,0,0,0,0,511,511,0,0,0,0,1,0,0,255,255,1,0,1,0,0,0,0,0,DOS.,,smurf.
0,icmp,ecr_i,SF,1032,0,0,0,0,0,0,0,0,0,0,0,0,0,0,0,0,0,511,511,0,0,0,0,1,0,0,255,255,1,0,1,0,0,0,0,0,DOS.,,smurf.
0,icmp,ecr_i,SF,1032,0,0,0,0,0,0,0,0,0,0,0,0,0,0,0,0,0,511,511,0,0,0,0,1,0,0,255,255,1,0,1,0,0,0,0,0,DOS.,,smurf.
0,icmp,ecr_i,SF,1032,0,0,0,0,0,0,0,0,0,0,0,0,0,0,0,0,0,511,511,0,0,0,0,1,0,0,255,255,1,0,1,0,0,0,0,0,DOS.,,smurf.
0,icmp,ecr_i,SF,1032,0,0,0,0,0,0,0,0,0,0,0,0,0,0,0,0,0,511,511,0,0,0,0,1,0,0,255,255,1,0,1,0,0,0,0,0,DOS.,,smurf.
0,tcp,http,SF,238,2878,0,0,0,0,0,1,0,0,0,0,0,0,0,0,0,0,4,4,0,0,0,0,1,0,0,83,206,1,0,0.01,0.01,0,0,0,0,normal.,,normal.
0,tcp,smtp,SF,1346,328,0,0,0,0,0,1,0,0,0,0,0,0,0,0,0,0,1,1,0,0,0,0,1,0,0,66,48,0.73,0.06,0.02,0,0,0,0,0,normal.,,normal.
0,tcp,smtp,SF,984,333,0,0,0,0,0,1,0,0,0,0,0,0,0,0,0,0,1,1,0,0,0,0,1,0,0,156,114,0.73,0.03,0.01,0,0,0,0,0,normal.,,normal.
0,tcp,smtp,SF,767,326,0,0,0,0,0,1,0,0,0,0,0,0,0,0,0,0,1,1,0,0,0,0,1,0,0,190,173,0.72,0.02,0.01,0.01,0,0,0,0,normal.,,normal.
0,tcp,smtp,SF,995,332,0,0,0,0,0,1,0,0,0,0,0,0,0,0,0,0,1,1,0,0,0,0,1,0,0,35,180,0.71,0.11,0.03,0.01,0,0,0,0,normal.,,normal.
1,tcp,smtp,SF,1074,334,0,0,0,0,0,1,0,0,0,0,0,0,0,0,0,0,1,2,0,0,0,0,1,0,1,9,181,0.67,0.44,0.11,0.01,0,0,0,0,normal.,,normal.
0,tcp,http,SF,341,745,0,0,0,0,0,1,0,0,0,0,0,0,0,0,0,0,4,9,0,0,0,0,1,0,0.33,26,255,1,0,0.04,0.03,0,0,0,0,normal.,,normal.
0,tcp,http,SF,228,1404,0,0,0,0,0,1,0,0,0,0,0,0,0,0,0,0,17,17,0,0,0,0,1,0,0,88,255,1,0,0.01,0.01,0,0,0,0,normal.,,normal.
0,tcp,http,SF,179,15693,0,0,0,0,0,1,0,0,0,0,0,0,0,0,0,0,16,18,0,0,0,0,1,0,0.11,228,255,1,0,0,0.01,0,0,0,0,normal.,,normal.
0,tcp,http,SF,224,2649,0,0,0,0,0,1,0,0,0,0,0,0,0,0,0,0,17,17,0,0,0,0,1,0,0,255,255,1,0,0.01,0,0,0,0,0,normal.,,normal.
0,tcp,http,SF,298,454,0,0,0,0,0,1,0,0,0,0,0,0,0,0,0,0,10,36,0,0,0,0,1,0,0.08,255,255,1,0,0,0,0,0,0,0,normal.,,normal.
0,tcp,http,SF,197,19189,0,0,0,0,0,1,0,0,0,0,0,0,0,0,0,0,1,44,0,0,0,0,1,0,0.07,255,255,1,0,0,0,0,0,0,0,normal.,,normal.
0,tcp,http,SF,233,1391,0,0,0,0,0,1,0,0,0,0,0,0,0,0,0,0,9,39,0,0,0,0,1,0,0.1,47,255,1,0,0.02,0.05,0,0,0,0,normal.,,normal.
0,tcp,http,SF,291,385,0,0,0,0,0,1,0,0,0,0,0,0,0,0,0,0,5,5,0,0,0,0,1,0,0,5,255,1,0,0.2,0.07,0,0,0,0,normal.,,normal.
0,tcp,http,SF,213,310,0,0,0,0,0,1,0,0,0,0,0,0,0,0,0,0,5,5,0,0,0,0,1,0,0,215,255,1,0,0,0.01,0,0,0,0,normal.,,normal.
0,tcp,http,SF,304,1309,0,0,0,0,0,1,0,0,0,0,0,0,0,0,0,0,8,8,0,0,0,0,1,0,0,34,255,1,0,0.03,0.04,0,0,0,0,normal.,,normal.
0,tcp,http,SF,217,11379,0,0,0,0,0,1,0,0,0,0,0,0,0,0,0,0,7,10,0,0,0,0,1,0,0.2,61,255,1,0,0.02,0.04,0.02,0,0,0,normal.,,normal.
0,tcp,http,SF,217,2154,0,0,0,0,0,1,0,0,0,0,0,0,0,0,0,0,8,8,0,0,0,0,1,0,0,8,255,1,0,0.12,0.03,0,0,0,0,normal.,,normal.
0,tcp,http,SF,228,2708,0,0,0,0,0,1,0,0,0,0,0,0,0,0,0,0,2,2,0,0,0,0,1,0,0,9,255,1,0,0.11,0.04,0,0,0,0,normal.,,normal.
0,tcp,http,SF,226,6805,0,0,0,0,0,1,0,0,0,0,0,0,0,0,0,0,1,10,0,0,0,0,1,0,0.3,16,255,1,0,0.06,0.02,0,0,0,0,normal.,,normal.
0,tcp,http,SF,253,2858,0,0,0,0,0,1,0,0,0,0,0,0,0,0,0,0,1,2,0,0,0,0,1,0,1,255,255,1,0,0,0,0,0,0,0,normal.,,normal.
0,tcp,http,SF,312,696,0,0,0,0,0,1,0,0,0,0,0,0,0,0,0,0,10,10,0,0,0,0,1,0,0,16,255,1,0,0.06,0.03,0,0,0,0,normal.,,normal.
0,tcp,http,SF,291,421,0,0,0,0,0,1,0,0,0,0,0,0,0,0,0,0,2,2,0,0,0,0,1,0,0,77,219,1,0,0.01,0.03,0,0,0,0,normal.,,normal.
0,tcp,http,SF,244,481,0,0,0,0,0,1,0,0,0,0,0,0,0,0,0,0,2,10,0,0,0,0,1,0,0.4,255,255,1,0,0,0,0,0,0,0,normal.,,normal.
0,tcp,http,SF,217,555,0,0,0,0,0,1,0,0,0,0,0,0,0,0,0,0,4,9,0,0,0,0,1,0,0.33,255,255,1,0,0.01,0,0,0,0,0,normal.,,normal.
0,tcp,http,SF,335,2216,0,0,0,0,0,1,0,0,0,0,0,0,0,0,0,0,22,24,0,0,0,0,1,0,0.12,255,255,1,0,0,0,0,0,0,0,normal.,,normal.
0,tcp,http,SF,226,835,0,0,0,0,0,1,0,0,0,0,0,0,0,0,0,0,4,4,0,0,0,0,1,0,0,255,255,1,0,0,0,0,0,0,0,normal.,,normal.
0,tcp,http,SF,225,516,0,0,0,0,0,1,0,0,0,0,0,0,0,0,0,0,17,18,0,0,0,0,1,0,0.11,255,255,1,0,0,0,0,0,0,0,normal.,,normal.
0,tcp,http,SF,206,518,0,0,0,0,0,1,0,0,0,0,0,0,0,0,0,0,8,8,0,0,0,0,1,0,0,19,255,1,0,0.05,0.02,0,0,0,0,normal.,,normal.
0,tcp,http,SF,203,828,0,0,0,0,0,1,0,0,0,0,0,0,0,0,0,0,9,9,0,0,0,0,1,0,0,9,255,1,0,0.11,0.06,0,0,0,0,normal.,,normal.
0,tcp,http,SF,206,899,0,0,0,0,0,1,0,0,0,0,0,0,0,0,0,0,19,19,0,0,0,0,1,0,0,19,255,1,0,0.05,0.06,0,0,0,0,normal.,,normal.
0,tcp,http,SF,328,1079,0,0,0,0,0,1,0,0,0,0,0,0,0,0,0,0,4,4,0,0,0,0,1,0,0,26,255,1,0,0.04,0.04,0,0.02,0,0,normal.,,normal.
0,tcp,http,SF,221,21495,0,0,0,0,0,1,0,0,0,0,0,0,0,0,0,0,4,4,0,0,0,0,1,0,0,9,255,1,0,0.11,0.03,0.11,0,0,0,normal.,,normal.
0,tcp,http,SF,207,1704,0,0,0,0,0,1,0,0,0,0,0,0,0,0,0,0,49,50,0,0,0,0,1,0,0.04,255,255,1,0,0,0,0,0,0,0,normal.,,normal.
0,tcp,http,SF,145,15389,0,0,0,0,0,1,0,0,0,0,0,0,0,0,0,0,1,1,0,0,0,0,1,0,0,2,255,1,0,0.5,0.05,0,0,0,0,normal.,,normal.
0,tcp,http,SF,236,41481,0,0,0,0,0,1,0,0,0,0,0,0,0,0,0,0,2,13,0,0,0,0,1,0,0.31,5,255,1,0,0.2,0.05,0,0,0,0,normal.,,normal.
0,tcp,http,SF,148,432,0,0,0,0,0,1,0,0,0,0,0,0,0,0,0,0,1,1,0,0,0,0,1,0,0,2,255,1,0,0.5,0.08,0,0,0,0,normal.,,normal.
0,tcp,http,SF,313,1691,0,0,0,0,0,1,0,0,0,0,0,0,0,0,0,0,3,3,0,0,0,0,1,0,0,3,255,1,0,0.33,0.09,0,0,0,0,normal.,,normal.
0,tcp,http,SF,162,14090,0,0,0,0,0,1,0,0,0,0,0,0,0,0,0,0,3,3,0,0,0,0,1,0,0,27,255,1,0,0.04,0.04,0,0,0,0,normal.,,normal.
0,tcp,http,SF,229,584,0,0,0,0,0,1,0,0,0,0,0,0,0,0,0,0,24,42,0,0,0,0,1,0,0.07,52,255,1,0,0.02,0.02,0,0,0,0,normal.,,normal.
0,tcp,http,SF,278,622,0,0,0,0,0,1,0,0,0,0,0,0,0,0,0,0,3,3,0,0,0,0,1,0,0,255,255,1,0,0,0,0,0,0,0,normal.,,normal.
0,tcp,http,SF,197,659,0,0,0,0,0,1,0,0,0,0,0,0,0,0,0,0,10,10,0,0,0,0,1,0,0,255,255,1,0,0,0,0,0,0,0,normal.,,normal.
0,tcp,http,SF,233,16904,0,0,0,0,0,1,0,0,0,0,0,0,0,0,0,0,20,25,0,0,0,0,1,0,0.12,255,255,1,0,0,0,0,0,0,0,normal.,,normal.
0,tcp,http,SF,303,10861,0,0,0,0,0,1,0,0,0,0,0,0,0,0,0,0,10,10,0,0,0,0,1,0,0,255,255,1,0,0,0,0,0,0,0,normal.,,normal.
0,tcp,http,SF,221,774,0,0,0,0,0,1,0,0,0,0,0,0,0,0,0,0,19,32,0,0,0,0,1,0,0.12,255,255,1,0,0,0,0,0,0,0,normal.,,normal.
0,tcp,http,SF,149,38299,0,0,0,0,0,1,0,0,0,0,0,0,0,0,0,0,1,1,0,0,0,0,1,0,0,255,255,1,0,0,0,0,0,0,0,normal.,,normal.
0,tcp,http,SF,249,1116,0,0,0,0,0,1,0,0,0,0,0,0,0,0,0,0,22,22,0,0,0,0,1,0,0,149,255,1,0,0.01,0.01,0,0,0,0,normal.,,normal.
0,tcp,http,SF,231,2108,0,0,0,0,0,1,0,0,0,0,0,0,0,0,0,0,2,2,0,0,0,0,1,0,0,255,255,1,0,0,0,0,0,0,0,normal.,,normal.
0,tcp,http,SF,234,5627,0,0,0,0,0,1,0,0,0,0,0,0,0,0,0,0,16,17,0,0,0,0,1,0,0.12,255,255,1,0,0,0,0,0,0,0,normal.,,normal.
0,tcp,http,SF,247,5589,0,0,0,0,0,1,0,0,0,0,0,0,0,0,0,0,2,2,0,0,0,0,1,0,0,255,255,1,0,0,0,0,0,0,0,normal.,,normal.
0,tcp,http,SF,201,798,0,0,0,0,0,1,0,0,0,0,0,0,0,0,0,0,15,15,0,0,0,0,1,0,0,255,255,1,0,0,0,0,0,0,0,normal.,,normal.
0,tcp,http,SF,226,256,0,0,0,0,0,1,0,0,0,0,0,0,0,0,0,0,5,5,0,0,0,0,1,0,0,187,255,1,0,0.01,0.01,0,0,0,0,normal.,,normal.
0,tcp,http,SF,334,2895,0,0,0,0,0,1,0,0,0,0,0,0,0,0,0,0,19,22,0,0,0,0,1,0,0.09,72,255,1,0,0.01,0.02,0,0,0,0,normal.,,normal.
0,tcp,http,SF,227,255,0,0,0,0,0,1,0,0,0,0,0,0,0,0,0,0,16,16,0,0,0,0,1,0,0,255,255,1,0,0,0,0,0,0,0,normal.,,normal.
0,tcp,http,SF,350,1587,0,0,0,0,0,1,0,0,0,0,0,0,0,0,0,0,13,13,0,0,0,0,1,0,0,255,255,1,0,0,0,0,0,0,0,normal.,,normal.
0,tcp,http,SF,339,3360,0,0,0,0,0,1,0,0,0,0,0,0,0,0,0,0,2,2,0,0,0,0,1,0,0,255,255,1,0,0,0,0,0,0,0,normal.,,normal.
0,tcp,http,SF,319,1374,0,0,0,0,0,1,0,0,0,0,0,0,0,0,0,0,3,5,0,0,0,0,1,0,0.4,255,255,1,0,0,0,0,0,0,0,normal.,,normal.
0,tcp,http,SF,313,1404,0,0,0,0,0,1,0,0,0,0,0,0,0,0,0,0,23,25,0,0,0,0,1,0,0.08,255,255,1,0,0,0,0,0,0,0,normal.,,normal.
0,tcp,http,SF,291,2660,0,0,0,0,0,1,0,0,0,0,0,0,0,0,0,0,5,20,0,0,0,0,1,0,0.15,255,255,1,0,0,0,0,0,0,0,normal.,,normal.
0,tcp,http,SF,317,3153,0,0,0,0,0,1,0,0,0,0,0,0,0,0,0,0,16,16,0,0,0,0,1,0,0,33,255,1,0,0.03,0.04,0,0,0,0,normal.,,normal.
0,tcp,http,SF,224,15574,0,0,0,0,0,1,0,0,0,0,0,0,0,0,0,0,2,4,0,0,0,0,1,0,0.75,38,255,1,0,0.03,0.07,0,0,0,0,normal.,,normal.
0,tcp,http,SF,208,431,0,0,0,0,0,1,0,0,0,0,0,0,0,0,0,0,11,11,0,0,0,0,1,0,0,255,255,1,0,0,0,0,0,0,0,normal.,,normal.
0,tcp,http,SF,234,773,0,0,0,0,0,1,0,0,0,0,0,0,0,0,0,0,8,8,0,0,0,0,1,0,0,116,255,1,0,0.01,0.02,0,0,0,0,normal.,,normal.
0,tcp,http,SF,207,348,0,0,0,0,0,1,0,0,0,0,0,0,0,0,0,0,76,76,0,0,0,0,1,0,0,77,255,1,0,0.01,0.03,0,0,0,0,normal.,,normal.
0,tcp,http,SF,246,1435,0,0,0,0,0,1,0,0,0,0,0,0,0,0,0,0,3,4,0,0,0,0,1,0,0.5,13,255,1,0,0.08,0.04,0,0,0,0,normal.,,normal.
0,tcp,http,SF,226,172644,0,0,0,0,0,1,0,0,0,0,0,0,0,0,0,0,4,4,0,0,0,0,1,0,0,4,255,1,0,0.25,0.04,0,0,0,0,normal.,,normal.
0,tcp,http,SF,206,754,0,0,0,0,0,1,0,0,0,0,0,0,0,0,0,0,2,4,0,0,0,0,1,0,0.5,20,255,1,0,0.05,0.03,0.05,0.01,0,0,normal.,,normal.
0,tcp,http,SF,317,1484,0,0,0,0,0,1,0,0,0,0,0,0,0,0,0,0,2,2,0,0,0,0,1,0,0,192,255,1,0,0.01,0.02,0.01,0,0,0,normal.,,normal.
0,tcp,http,SF,317,1484,0,0,0,0,0,1,0,0,0,0,0,0,0,0,0,0,9,10,0,0,0,0,1,0,0.2,212,255,1,0,0,0.01,0,0,0,0,normal.,,normal.
